Period,Appling County,Atkinson County,Bacon County,Baker County,Baldwin County,Banks County,Barrow County,Bartow County,Ben Hill County,Berrien County,Bibb County,Bleckley County,Brantley County,Brooks County,Bryan County,Bulloch County,Burke County,Butts County,Calhoun County,Camden County,Candler County,Carroll County,Catoosa County,Charlton County,Chatham County,Chattahoochee County,Chattooga County,Cherokee County,Clarke County,Clay County,Clayton County,Clinch County,Cobb County,Coffee County,Colquitt County,Columbia County,Cook County,Coweta County,Crawford County,Crisp County,Dade County,Dawson County,Decatur County,DeKalb County,Dodge County,Dooly County,Dougherty County,Douglas County,Early County,Echols County,Effingham County,Elbert County,Emanuel County,Evans County,Fannin County,Fayette County,Floyd County,Forsyth County,Franklin County,Fulton County,Gilmer County,Glascock County,Glynn County,Gordon County,Grady County,Greene County,Gwinnett County,Habersham County,Hall County,Hancock County,Haralson County,Harris County,Hart County,Heard County,Henry County,Houston County,Irwin County,Jackson County,Jasper County,Jeff Davis County,Jefferson County,Jenkins County,Johnson County,Jones County,Lamar County,Lanier County,Laurens County,Lee County,Liberty County,Lincoln County,Long County,Lowndes County,Lumpkin County,Macon County,Madison County,Marion County,McDuffie County,McIntosh County,Meriwether County,Miller County,Mitchell County,Monroe County,Montgomery County,Morgan County,Murray County,Muscogee County,Newton County,Oconee County,Oglethorpe County,Paulding County,Peach County,Pickens County,Pierce County,Pike County,Polk County,Pulaski County,Putnam County,Quitman County,Rabun County,Randolph County,rate_change_NLCD,Richmond County,Rockdale County,Schley County,Screven County,Seminole County,Spalding County,Stephens County,Stewart County,Sumter County,Talbot County,Taliaferro County,Tattnall County,Taylor County,Telfair County,Terrell County,Thomas County,Tift County,Toombs County,Towns County,Treutlen County,Troup County,Turner County,Twiggs County,Union County,Upson County,Walker County,Walton County,Ware County,Warren County,Washington County,Wayne County,Webster County,Wheeler County,White County,Whitfield County,Wilcox County,Wilkes County,Wilkinson County,Worth County
barren land (rock/sand/clay),1.2847571189279734,11.087719298245615,12.686746987951812,-0.2280701754385963,0.9298113207547175,30.81250000000007,6.991354466858792,1.8831246273106748,2.3961218836565092,4.1789473684210545,0.8371493989696619,2.352941176470591,2.0796116504854374,6.261904761904767,3.2778675282714054,4.806201550387598,-0.1888230313293819,32.92857142857147,0.18596491228070136,-0.017329986853113506,5.130434782608699,1.7879213483146068,1.2886029411764708,4.322517207472959,0.25292960396886494,-0.025767829255595974,-0.01843971631205679,1.9284671532846713,1.885964912280702,0.2846347607052899,1.7449856733524354,6.184158415841585,-0.45072273324572926,3.7817836812144208,2.1273584905660377,0.22880915236609484,5.5737704918032795,2.4813477737665464,0.797413793103448,2.2559523809523823,0.6705426356589148,1.2152777777777792,1.9066770792659122,0.41463761925103215,2.538461538461538,2.361111111111114,0.15436241610738258,0.10730478589420675,0.5487804878048782,4.325301204819279,3.560460652591171,0.5501432664756449,1.3686224489795915,0.3509090909090909,-0.5255669186305026,0.5546930134086095,0.8748221906116642,0.939126394052045,-0.011952191235060215,-0.00509832483612535,1.6017897091722593,2.358441558441559,0.09313281391556437,1.9954648526077092,7.224215246636773,1.1255319148936171,0.7561521252796423,1.5992217898832684,0.5018777739842952,5.144578313253012,8.409836065573773,2.211416490486258,-0.28206121658272,5.563414634146342,1.3630188679245288,5.4143968871595325,0.2167414050822123,0.6705426356589148,0.318181818181818,1.9610983981693362,6.677293934681183,8.09756097560976,2.9038461538461537,1.0267505900865466,5.322222222222226,9.528205128205126,0.7684674751929433,-0.27906976744186046,1.0274022321023495,-0.5338683030446071,0.4300411522633744,3.1747269890795624,9.922222222222226,1.2637420718816066,4.462962962962962,0.9221621621621622,2.8909599254426834,0.112784471218206,4.707920792079209,-0.522222222222223,0.05597014925373121,2.079145728643216,0.840848806366048,4.758620689655174,0.3132183908045975,0.1771558819804991,2.0102389078498293,3.4838709677419404,2.007918552036199,12.816831683168319,9.818791946308725,0.3452282157676351,0.3047619047619045,0.5677419354838712,3.8689407540394978,3.2499999999999973,0.4750204750204749,1.3225806451612951,0.8852140077821014,4.791666666666665,,0.33200779094302885,-0.07467532467532445,6.500000000000016,1.2092050209205019,5.2386363636363695,2.4426666666666677,0.7769230769230772,2.5703883495145634,0.3711803475134814,1.6426934097421202,5.955555555555563,0.5266517714650494,3.0608490566037747,3.043478260869566,0.342465753424657,2.773809523809523,4.383561643835617,2.449060336300693,0.07551020408163259,2.9948186528497414,0.6183745583038872,0.3678160919540222,0.19897928549984975,-0.23165514972030252,0.46118721461187245,0.698186528497409,18.094594594594607,1.9666666666666661,1.8755741127348642,0.6778895768833844,1.3198738170347009,0.941176470588235,1.4787077826725408,2.0769230769230784,0.82213691618682,2.454545454545455,1.612159329140462,1.2179627601314345,2.191666666666668
cultivated crops,-0.05844616902007696,0.3313596061526403,-0.08222113893975916,-0.015071110167692508,-0.6988135897896818,0.8891377379619261,-0.9976958525345623,-0.714800278860802,-0.0359173004550679,0.10256102200596694,-0.6643436211065283,-0.1773921604824319,-0.5560480009014254,-0.06587832112527531,-0.3673861620342991,-0.1843579200064089,-0.2287788991233177,-0.3730862207896856,-0.09922832034578173,1.1381074168797953,-0.2707315065593754,-0.9894142554693013,-0.8971754998413203,-0.6856640723073061,-0.8244227168712294,-0.8476646706586826,-0.7543270209733252,-0.690965092402464,-0.7982666420800295,-0.11777583766551568,-0.9539007092198585,0.9045170137996059,,-0.03994378227045523,-0.055947458739792975,-0.8371848739495799,-0.016179924215136882,-0.90298769771529,-0.4727913637365059,-0.10789416304049003,-0.5098598858329009,-0.8397968605724839,0.009749492921815822,2.513513513513515,-0.2799745128646038,-0.07198350374809134,-0.09912042668662843,-0.9993060374739764,-0.08886887062443692,-0.24349490455744646,-0.3375636741385999,-0.5403151371308017,-0.3292019179147306,-0.33222210997743884,-0.9256308100929614,,-0.4834762399422504,-0.9528205128205129,-0.26553980370774255,-0.9672462596037202,-0.7089397089397089,-0.4275136841627109,0.16132478632478633,-0.6891080180927033,-0.19253614356846102,0.381043014845832,-0.9394387001477105,-0.2580195258019526,-0.8772511848341232,-0.6484593837535014,-0.8692257644762523,-0.7003525264394829,-0.6103359993649156,-0.6972607612949128,-0.7754583609454385,-0.45290142875639056,-0.029297739675867258,-0.5098598858329009,-0.45079754601226985,-0.05736245474508856,-0.2569201544757716,-0.19583034343837383,-0.5190450408847346,-0.8409830140946875,-0.3580728151555313,0.26493796899524846,-0.44303426348811303,-0.1522042794772292,-0.5620871862615588,2.11111111111114,-0.6441448342781267,-0.3506725702807021,-0.994475138121547,-0.23585444051093363,-0.5946883127117977,-0.4343079998432172,-0.7613517868992321,0.773455377574371,-0.607464298571943,-0.016270138182179827,0.01359698540608975,-0.372874149659864,-0.30819247449719345,-0.4148768586467899,-0.5086534012031466,-0.06789208419804338,-0.6234658259205045,-0.9660117984521298,0.2844420696411079,-0.9985358711566619,-0.3681714984813716,,-0.1474456344839346,-0.8296007013628757,-0.6538150989099716,-0.11057616147057998,2.0358790363915946,-0.44342541848413675,1.7278225806451615,-0.13651108729893838,,-0.5610962291366165,-0.9458598726114652,-0.5333352008515883,-0.27325234319402886,0.023598812606581043,-0.6930212644498359,-0.7360406091370562,-0.2985682856095203,-0.14230134504557834,-0.45325779036827196,-0.6968215158924206,-0.27666023976883397,-0.4426754806479286,-0.2349642752684579,-0.10628972454733947,-0.1465587623195246,-0.09914972983351145,-0.32881595103267547,,-0.4532810528213449,-0.9124024284475282,-0.08467076532973777,-0.20095602779327498,-0.8342151675485009,-0.6631376323387873,-0.4109684799186579,-0.862864036998559,-0.09659443257768899,-0.4525846702317291,-0.44446560265948004,-0.1571855320121875,-0.05496450105248148,-0.45162675829485666,0.1329987452948558,-0.9556704839305504,-0.10991428065250274,0.07508161044613708,-0.5397897679294179,-0.05646226663306313
deciduous forest,-0.26717557251908386,-0.6666666666666669,1.1842105263157894,-0.6152304609218437,0.09076812020426166,-0.012274036266033813,-0.0700341061175149,-0.06636713126295309,-0.01473187978786099,0.1309963099630996,-0.18672710123663797,-0.28126956605500186,-0.40000000000000047,-0.568314726209463,-0.7962962962962965,-0.5440956651718986,-0.09061784897025144,-0.05982612757943587,-0.6135638744334397,19.16666666666687,0.5803108808290158,-0.038545669130631656,-0.052251766057108864,-0.6326530612244907,-0.9530516431924883,-0.1260012203882069,-0.06916644661561469,-0.11869116808909952,-0.002096795948646874,-0.6224688948524031,-0.4056598579529813,0.17948717948717938,-0.4397779846056646,-0.4318181818181817,-0.6063348416289593,-0.004955365276006719,-0.43835616438356145,-0.09745028540268603,-0.10632808350062423,-0.03719008264462832,-0.03543910710341334,-0.0033897698712962356,-0.8840470283680294,-0.3647354955847157,0.9053708439897696,-0.5437715720112959,-0.35024023396699405,-0.13394225721784792,-0.5542059163774583,-0.9347826086956543,-0.7403508771929828,-0.030332943014830752,0.2762237762237759,-0.36979166666666635,0.00351754405947003,-0.1537505111109258,-0.04722894504990783,-0.286385066946058,-0.04887591880801527,-0.2503869621948785,-0.03417329470177099,-0.47717834596547426,5.000000000000022,-0.09850489456798933,-0.8175622127119987,-0.025618741968924785,-0.4447614277314402,0.019555003344051185,-0.11011592778979043,-0.026610319678276977,-0.0931497266947708,-0.16552629865196342,-0.042930307290620515,-0.15533310070080528,-0.2327829238824003,-0.3208498202177091,-0.5502577319587629,-0.03543910710341334,-0.12852071328161965,-0.13736263736263754,-0.3813038772023631,0.2975839717147906,-0.2606980066671202,0.005030075973550946,-0.10413612984036462,-0.6881720430107533,-0.35956567694820796,-0.39446617997015293,-0.4230769230769233,0.05928873476617566,-0.21621621621621648,-0.6571428571428571,0.006444989957598869,-0.34914694551458436,0.01167307655141761,-0.24869664981356615,-0.2117295851732072,-0.8000000000000089,-0.08803541842083819,-0.8666666666666667,-0.613018748683379,-0.06912738629807072,-0.21283095723014261,-0.019829308849391977,-0.0733047996679025,-0.1881112963838631,-0.029148692072490164,0.06705628578039523,-0.047859854522270893,-0.09000837641404873,-0.14992287406080504,-0.019565900328430585,0.0,-0.1057726174901881,-0.10459835962497747,-0.3843205144058365,-0.010098232572252033,-0.366840731070496,0.0056857572353262885,-0.5004037570657486,,-0.12372794243618314,-0.036603837091888275,-0.30849478390461993,-0.27749266862170086,-0.6305302262749071,-0.01967953127777818,0.04485003013706975,-0.35603240986897955,-0.4049957968055722,-0.2199828807096725,-0.004272666692799271,0.17318435754189973,-0.226145776771376,-0.05046072838964476,-0.5325898532300936,-0.6432709816255587,-0.0034423407917383467,-0.11270491803278672,-0.008776417938957294,0.8746177370030583,-0.17114943827185256,0.6290550070521865,-0.2935728838673829,-0.03288782419062411,-0.14943865290178204,-0.040491534389774174,0.025089458102715925,-0.19519519519519535,-0.24023208772490154,-0.47070805749264716,-0.2386363636363643,-0.5547604849930431,0.4148148148148148,0.07904951691961853,-0.08205294066343015,0.018085106382978645,-0.08069930069930077,-0.45992774189339075,-0.3302325581395349
developed high intensity,0.8684738955823292,1.5953488372093025,1.6264367816091962,0.6206896551724107,0.8678640153944835,6.477124183006534,3.2583955223880596,2.753071253071253,0.906387665198238,0.5615615615615616,0.5822067819651084,0.653846153846154,2.1733333333333342,1.1064638783269967,7.196666666666667,1.8244274809160308,0.9895123230204512,4.126404494382024,1.111111111111113,3.067238912732475,1.1964285714285716,1.5720754716981127,1.5644787644787648,1.0904255319148932,1.348507213942193,0.5624538063562452,1.3885017421602788,7.546121593291405,0.5490279854731897,0.45833333333333476,0.7728259055249541,1.2407407407407407,1.3563634455985731,1.5320560058953574,0.6776007497656981,3.927513639906469,1.9354838709677422,3.7848837209302326,2.7283950617283996,0.9822958309537407,4.971153846153847,40.32258064516138,0.6048537647790918,0.463525116624975,0.8985507246376812,1.7714987714987713,0.40920017482517484,4.388104838709679,0.9025423728813556,59.00000000000095,21.362068965517246,0.9151651651651651,0.7455752212389382,0.8737623762376239,2.5488721804511285,5.235625704622323,0.7677246496290188,9.878241262683202,3.7020408163265306,0.6690442474781911,3.4652567975830815,0.625000000000001,1.3243819266837167,1.8285094066570187,0.7243491577335377,1.853868194842407,2.970394493375768,1.1294685990338167,1.8774617067833699,0.37313432835820926,1.3328804347826086,2.6375545851528384,2.802450229709036,1.876685934489403,13.64958061509786,0.7988558054869329,0.4680851063829789,4.971153846153847,0.9174311926605512,0.698412698412699,1.1408695652173908,1.523809523809524,0.9597701149425287,1.3355048859934862,1.3142144638403992,0.9690721649484533,1.1810526315789474,4.039800995024877,1.7754032258064512,1.7000000000000015,2.7115384615384652,1.051579510976263,2.8734939759036147,0.6926751592356688,7.8496240601503775,1.4747474747474747,1.0625641025641024,3.186915887850467,0.8866799204771374,1.4000000000000004,0.9258278145695362,1.1981212638770282,2.244186046511632,1.8605108055009827,1.596656976744186,0.5500082521868294,2.6146059291395516,9.125874125874127,7.423529411764713,11.684210526315788,1.3154639175257739,2.511873350923483,1.3962962962962973,3.061224489795919,1.181470137825421,0.8044554455445547,1.7850467289719625,2.0526315789473797,1.0579345088161214,0.4213197969543151,,0.4713066160777803,1.6040072859744994,0.5765765765765767,0.2641843971631204,0.9139465875370923,0.999005469915465,0.5706393054459356,1.0609756097560996,0.5486470926885435,5.300000000000015,5.470588235294134,0.9639423076923077,0.9773584905660384,0.5464480874316938,0.5584795321637425,0.6935090287945339,1.0751646648585818,0.7548209366391184,2.8700000000000023,1.450381679389314,1.630348652931854,0.6237373737373741,1.5645645645645643,3.619883040935673,0.8465073529411764,0.8954203691045802,3.518060836501901,0.33850931677018614,1.118055555555556,0.8414442700156984,0.8506151142355007,1.8750000000000002,0.9111111111111118,2.2295081967213117,1.2777869257368681,1.3560606060606069,1.0184331797235022,0.7344345616264291,0.6598778004073318
developed low intensity,0.436678408798007,0.33157612580414586,0.5122930255895632,0.15113050376834594,0.4187500000000001,0.7601992729231182,1.841061130334487,0.8761747202499943,0.35355938925242936,0.40185222468290704,0.3391143146366154,0.2941932374909646,0.7029038377352985,0.30101265822784784,1.0164789512555397,0.5996597533211581,0.2613009583089389,0.7362948960302459,0.24699828473413374,0.8564907796238819,0.26564684595772636,0.7408637074461688,0.6028070451328826,0.6054176779143509,0.534442771697115,0.6215400100654251,0.2180897364880907,2.061101013370515,0.4107598664834085,0.43085106382978733,0.45350595244761477,0.5181118769033499,0.4914516874711048,0.4594347221205241,0.3827539850201652,1.1115446564279394,0.45025709814442194,1.7508210890233362,0.42080416734494563,0.2336633663366339,0.2774517228322605,1.6671022067363537,0.37141674428231364,0.2403177995812322,0.29919760090776487,0.24776584897738857,0.14981969530890082,0.846715808871923,0.32792610990375665,0.4125245258338785,1.3158216249236414,0.28482029129977277,0.2555205983616287,0.232874293785311,0.8145058510022012,1.4027532752986087,0.3573927999525533,3.4241968607892033,0.42523883581426347,0.5973388359185999,0.9185695300229555,0.15664477008590183,0.6193590730095505,0.6080577639513,0.281772117228157,1.0914693934724746,0.9709465600522864,0.6245730087295993,0.9170551987219198,0.28310010764262616,0.4986919723005903,0.6915617806944513,0.43837333166238474,0.6678383128295255,2.815697414450668,0.8667467835430507,0.3871817383669884,0.2774517228322605,0.4791758646063282,0.4878783426388478,0.1925490666346885,0.29509931618365365,0.12342893973573986,0.5429799426934095,0.5556066176470589,0.5075032341526519,0.31894592436372593,1.0522257005421087,0.6447027294707101,0.31213925790197,0.9350953206239165,0.4663440988903897,1.324951330304997,0.18386582576755156,0.5502248875562217,0.2924709449216779,0.2755875176576343,0.4548872180451127,0.23092390729177686,0.2713148433487418,0.262323026658459,0.5590904180620072,0.2738396624472575,0.4770909696767744,0.48287027365782353,0.2943608101341343,1.4522300161296369,1.9857889949977265,0.5011603919546157,2.8497199623891083,0.5634161886551944,1.0955114822546974,0.4840593528395208,0.8780144340785074,0.3751737672745113,0.31702584005719553,0.743955962210816,0.336641852770885,0.6479614863848353,0.4020363636363638,,0.22798103300370492,0.6903624918602128,0.41259057971014496,0.24233576642335777,0.2150943396226417,0.5288980320614837,0.27202390480764105,0.33688464364437887,0.1986761509583088,0.23287203143686983,0.13563605728727873,0.3920717319490326,0.5094923208191127,0.2170583115752825,0.1691454202077431,0.2850634330973575,0.3977612728360729,0.3014914630732938,1.0210674157303372,0.12739434478564912,0.41396471120494654,0.1615684998372926,0.2561259411362082,1.3871562709590883,0.27631143745452136,0.3195770352691593,1.4540507396336324,0.3738268480438679,0.17375465272828067,0.28731948726269674,0.6120842353867347,0.19047619047619033,0.1843504392048083,0.8856124831060328,0.309282822440717,0.3314103133043403,0.1840229414174519,0.33941448382126355,0.2887826935923126
developed medium intensity,1.7285966460723738,1.7392703862660945,1.596632503660322,1.3306772908366533,0.9012034161490683,4.223942208462333,3.251589464123525,2.0629552030330234,0.7973568281938324,1.2694262890341321,0.5546605686200893,0.7229344729344728,1.9670184696569928,1.8527777777777779,3.9376122082585283,1.4695694399482029,1.2423504867872046,1.8976334617501383,1.1096153846153844,2.0089552238805974,0.6287645974185617,1.598730690935218,1.6961399505609434,1.2644859813084108,1.3046164214309783,0.7080756013745703,0.8190154440154437,6.971394313120934,0.9029975020815985,1.016949152542373,1.2989028213166145,2.2582697201017803,1.734769845996767,1.4866514111365365,1.090304011512862,4.593279258400926,1.2005804579168013,2.851519536903039,2.6082089552238803,0.8208924532181779,1.400706090026478,7.264367816091954,0.7897305325694889,0.6550471698113206,1.1492942453854507,0.4373999359590139,0.3582624272279447,2.9177367010018345,1.2210394489668128,3.393258426966293,7.428385416666667,1.1272727272727276,1.0534890869966183,0.9176636171710065,1.9467238211879971,5.285115889416364,0.8039947151628198,10.621370235934664,2.664053312426499,1.0718516719635938,2.601720647773279,0.4752066115702476,0.9152298850574709,1.33649859569346,1.0571555161719095,1.592215013901761,4.683595466127755,1.3543349488422187,2.3091051470064783,0.8096828046744573,1.2555910543130995,1.520284697508897,2.9033550325488235,2.857293868921776,7.790715818217283,1.6465913233685743,0.889818688981869,1.400706090026478,1.4049586776859502,1.2020785219399537,1.1190786614515424,1.3247373447946509,0.6341772151898734,1.767425320056899,1.391222570532915,2.120448179271709,0.9620504106485415,3.337040205303678,1.636082601706442,1.001445086705202,2.5118694362017804,1.1255111234319772,2.0385505011565153,1.381723539618277,3.5175572519083977,1.757847533632287,1.0674307036247335,1.0716312056737598,0.8479029813036889,1.4634146341463419,1.1570247933884297,0.6851286524204099,1.2370967741935486,1.3618796662274923,1.2458266020463111,0.7211078616893168,2.8971740679173585,5.8454288407163055,2.681715575620768,10.222698072805143,1.1792795308573027,2.3174863387978144,1.2730819245773735,2.8928571428571432,1.0685380116959062,1.5460921843687374,2.010411244143675,0.6268656716417909,1.506858710562414,1.0520156046814046,,0.5776002331285363,1.8333333333333333,2.3119658119658126,0.6506529850746271,0.7110389610389611,1.147537914248268,0.718151995626025,2.0433884297520666,0.7079748895605675,1.9469696969696975,0.4479452054794521,1.5712742980561554,2.5418875927889717,0.6601042269832076,0.5612472160356349,0.8150998717243906,0.6876817340734863,0.8908399180567751,2.4140625000000004,0.39018503620273526,1.0496684749849303,0.9019504480759093,0.4910620399579388,2.9695481335952847,0.881733495342244,0.9456995640110981,3.115463314820228,0.5936004031242124,0.5844298245614035,1.1173361522198733,1.1899367755532138,1.953333333333335,0.6739130434782609,2.6554160125588706,0.7928475935828878,2.327212020033389,1.1771968046477852,1.9723650385604115,0.49084568439407134
developed open space,0.10889102172585292,0.12359261072321147,0.17784903798717352,0.1765613944812506,0.3282349853253477,0.4120508440223531,0.9845247629627719,0.5587309124534522,0.19241776073167122,0.11899028049689007,0.29681518562982784,0.29306124856241345,0.13745631888176343,0.1269236578448319,0.41231531835025736,0.3300612688582913,0.2754570321686282,0.44632850066886004,0.10380837497845942,0.31880175353141754,0.2739744010502132,0.36617061977421944,0.3546034454737524,0.009166682067678364,0.12241265816612605,0.21223990208078347,0.2458874016552571,0.7863243696495776,0.2869208539200151,0.15434527154753946,0.0670717812381314,-0.0031265031265030377,0.06902042486699654,0.26684787932216647,0.15095887947121117,0.7916191132453324,0.18070935644358857,0.7245671456556386,0.3096547173960856,0.316785945092032,0.2824981374105147,0.5467937874827002,0.15500232490920285,0.0020243925687548196,0.1788495007786023,0.17725401725639184,0.14832257453344697,0.4036599115376831,0.08307150100576854,0.1050155219247186,0.4828156269033322,0.2749119491452627,0.18154414392946516,0.18170113148653938,0.38497990268669346,0.6789301584639895,0.2851989706828414,1.171597272019895,0.32129465620758635,0.14307331662759665,0.4420191765369431,0.1433386201427437,0.21973543559593803,0.41195809943514683,0.16712417245276928,0.49314694851687696,0.3029410854563701,0.46020276100086266,0.49124258010045385,0.14278267570201464,0.2875766707272765,0.3755120134763722,0.28572298696552556,0.2067013878435741,0.9782138498531883,0.5390593198386558,0.13352026510323722,0.2824981374105147,0.2077328887569369,0.18323311748381096,0.21511955834344587,0.14721335624846554,0.16336142155240455,0.3562798277266907,0.25226854393386483,0.2247838616714695,0.24608433734939758,0.5785175722051052,0.13984660064040522,0.2994867526702733,0.22400605633435122,0.3347756358509045,0.46806889193720486,0.16294180494080204,0.30108266025090186,0.12300066431601007,0.3262824244776506,0.2784332232184991,0.09912308409668658,0.09278880479794364,0.12961888740646194,0.4132246196678927,0.22673451739506442,0.2784618339344017,0.5166098522826015,0.10999406737537502,0.904918711425561,0.8155041674500222,0.2552363116652701,1.0386674289278102,0.5059648662821183,0.4503210741389377,0.24217695681511495,0.22719764011799418,0.2987249199522555,0.22034569204380527,0.3933467332143905,0.16150518437135208,0.23923113070330476,0.06520116533840546,,0.21027188934762758,0.534699656485006,0.13051752392028299,0.12511338499976127,0.1375982234369661,0.29141545181341344,0.34519688446559943,0.06062173013748641,0.16527624512616787,0.08861512825090773,0.15831079675473284,0.2517980600107971,0.15952560499074506,0.10851122935230899,0.156936261381896,0.1607938280638248,0.2143945540537869,0.2312559493812644,0.49034636654700664,0.2088705100137839,0.29375773134169536,0.2168548012989019,0.22986995928017867,0.4763605199257249,0.174337547165789,0.23903577357038014,0.7381828342569738,0.021488270491024867,0.10872296356660213,0.15043385005362173,0.151112381496832,0.12056451612903256,0.11150934651629861,0.5454781098525106,0.3392384210859787,0.14671554864607725,0.12936959208899868,0.14060978734306945,0.19020710269731667
emergent herbaceous wetlands,11.58276199804114,3.2702623047450636,13.081885856079404,-0.10966542750929362,0.16883116883116886,0.5365853658536583,0.4353741496598646,-0.09285714285714299,0.5876623376623376,1.959193137027591,0.2576489533011272,0.9576446280991735,3.661654135338347,1.6282813273897967,0.04529929893942112,2.0697549633339296,2.996345234748383,3.9153846153846183,0.516925892040256,0.02278287686320589,3.063226744186047,1.724576271186442,-0.09098567818028659,-0.29000504795557785,0.014230183446614166,0.14084507042253538,-0.1584158415841586,0.4935064935064941,-0.4499999999999998,0.04771371769383697,-0.48469387755102045,12.63819095477387,-0.19067796610169505,1.594101668606907,0.9645527554693989,-0.3586206896551725,0.7570168404170007,2.275862068965518,1.4569536423841054,0.8768926925608952,0.026548672566371313,7.285714285714374,1.2223389355742293,0.17391304347826253,4.950195858981535,0.5531453362255966,-0.08050470943664458,1.0,1.057337220602527,11.416116248348745,12.47733160621762,-0.26408450704225345,3.836686787391012,2.2103559870550167,0.2500000000000028,0.09294320137693617,-0.07156488549618309,0.3559322033898303,6.0204081632653095,0.11111111111111088,-0.19607843137254935,1.0336134453781516,0.016541353383458742,-0.3197389885807504,3.5078219013237057,0.12751677852349022,-0.30375426621160406,-0.2916666666666671,0.40145985401459827,0.9583333333333339,2.1739130434782585,0.7932692307692308,0.007812499999999832,0.5947995666305524,3.691964285714286,1.2258916776750333,0.6771419120079389,0.026548672566371313,1.7983870967741953,2.748292349726776,2.8529411764705883,1.1988636363636367,1.648414985590778,0.35684647302904576,2.8288288288288292,0.7981577893472164,2.338610662358643,0.22692847124824683,0.020586998058882394,-0.5590851334180432,10.824811399832354,2.054118855968487,-0.333333333333321,1.6733780760626398,1.4554455445544565,0.7679999999999998,0.04187817258883248,0.01240760753356197,3.0125523012552304,0.022785813354467985,0.527990211073723,1.2827586206896568,2.9793672627235215,1.6284403669724778,0.17477203647416417,0.0014705882352940237,-0.37135278514588876,0.6196319018404914,2.2421052631578955,0.25429553264604826,0.9375000000000001,2.0833333333333264,7.804999999999999,1.5592417061611383,-0.27203065134099635,1.5243088655862735,0.326424870466322,-0.16578947368421046,0.0,0.2754237288135595,,0.4056486654252017,-0.09999999999999999,1.3826086956521737,3.9130626654898513,0.7792525323087671,4.425287356321845,-0.09855769230769212,-0.05518945634266893,0.636,0.06923076923076923,7.260869565217398,3.9816076294277924,0.615621788283659,3.0112079701120784,0.40050377833753126,0.9297078391669079,1.0317540322580645,3.621114948199309,-0.1304347826086954,4.475234270414994,-0.13421256788207916,0.10788177339901482,2.200928381962865,-0.35416666666666796,2.493150684931511,-0.16409266409266418,3.584158415841586,0.1529177408014999,0.934306569343066,1.4835793913829467,7.334200743494426,1.4352517985611515,2.349095966620306,0.39999999999999997,-0.20345744680851066,3.0053892215568867,0.6280193236714975,1.1758849557522126,1.1016888250089831
evergreen forest,-0.2630540057974985,-0.2763469457562492,-0.26532005923975643,-0.047814753273677915,-0.27858682075847213,-0.66817516432419,-0.6558356369769949,-0.27765963441797825,-0.18513660669865112,-0.260774413182475,-0.418350365256214,-0.0616088264169172,-0.13836759867605625,-0.03936293013909799,-0.12160122123857213,-0.04897601337004616,-0.032164978419632693,-0.3018848124806885,0.14168075876773775,-0.18019238526157036,-0.0705678266857354,-0.3676837821973278,-0.5540698952304196,-0.1830777989953293,-0.3853880759423773,0.03047567044830354,-0.2180466547039221,-0.5074425985049802,-0.6289089223004302,0.1318364339446975,-0.6748379433654708,-0.19521184048423096,-0.672387804618376,-0.21805667622612157,-0.11734236865677457,-0.3130562413953964,-0.19090513190767608,-0.29031513739925446,-0.10475113676753586,-0.14217862427800845,-0.4205639097744362,-0.45938511790493103,-0.20805430894765503,-0.6265696768979045,-0.1927539714220385,-0.0679258339357316,-0.072898851698021,-0.4959255052553771,-0.06844328495229689,-0.4045410845565241,-0.22461468721668187,-0.18642157016252772,-0.13991721588720082,-0.02492905451058879,-0.34820381845587006,-0.46559785785159924,-0.2576310942717331,-0.7903738710971516,-0.6166372418935664,-0.64009628440058,-0.3965373511526076,0.09773816767835684,-0.10712655161486097,-0.32208075223471005,0.016553249310968896,-0.20986703384175315,-0.7849792741730819,-0.5502114977888868,-0.6574780867243281,-0.15523458142200114,-0.09628651181337856,-0.019957144763578544,-0.3396069538926682,0.09817836586957818,-0.506814256620848,-0.11175791879830206,-0.14362847559241382,-0.4205639097744362,-0.06419984953371685,-0.20553569634064062,-0.062051325457998394,-0.10135516174786803,-0.12978434425414911,-0.11034971737431108,-0.2569935335282133,-0.2993495660649686,-0.1373694893039113,0.05682503627303409,-0.123667922274032,-0.16230886177738138,-0.13784626279331927,-0.1800000397447592,-0.45811832216345855,0.05363113423826845,-0.4780146030541325,0.10307337065344263,-0.18434767690869738,-0.10667954590305252,0.01824894540356034,0.0020715411098792638,-0.13760554425897029,-0.14623279945860596,-0.23757609297177648,-0.2047195555588968,-0.35987929554867354,-0.2101804485918263,-0.4624564386643109,-0.5202822144175435,-0.1549609365983046,-0.384705021662848,-0.1752530065256986,-0.30519813808605156,-0.1410653978915943,-0.14878714445580504,-0.18352836551584478,0.018566340160284963,-0.14558034453544197,0.01734751337377441,-0.10901253760271348,0.04355496547787246,,-0.2214469856436698,-0.49158516418615633,0.0041865196993318005,-0.05614218926325962,-0.3256848676854267,-0.39853302750779696,-0.5180429841700228,0.16926303830103348,0.03398169294840828,0.11425914799096286,-0.11923758554746883,-0.14759064280662443,-0.03398260662377884,-0.19526909375721468,0.07465332588580986,0.01466294675232723,-0.14282219322697365,-0.21328383235068762,-0.5996639865594624,-0.2572709420189238,-0.10385818869543563,-0.20859601250405127,-0.08837402019491081,-0.4355438784903344,0.059721668310908596,-0.39809106902904956,-0.4646099607057814,-0.04691335331712024,-0.008284825525886316,-0.06479911795447006,-0.22900059332026526,0.13575917660989165,-0.14144274641050364,-0.6433188674091833,-0.4110649308163009,-0.17456926740439827,-0.10779707729778239,0.1036393238131495,-0.10100366597669828
grasslands/herbaceous,2.064293010360426,1.159547448626183,1.481390288593678,0.8391773697896145,1.0697884074879356,1.7100016210082667,1.9662162162162167,-0.25603485056025865,0.36857894885800824,3.2698540603455992,0.26676085281274076,0.9350086655112649,0.22100124148575645,5.653479171515009,0.61478756791415,2.0251751881650666,1.146325274214692,3.4487599438465133,5.936914736323311,0.5110560393724148,3.0296942267358427,0.12901266146566043,1.9447368421052629,0.5062110423459993,-0.5244735110233629,-0.2430410484403735,1.0829795701777665,-0.16665222289626475,1.5373831775700935,1.163883560871037,-0.509197651663405,1.3256343717342038,-0.6890539231514369,1.2715209727118786,2.3271711663785077,0.358535967578521,3.286458333333334,-0.07866632673295364,0.37027857638544637,2.0437138728323694,4.097396335583413,0.5090152565880721,2.323240329740013,0.3366336633663367,1.0621146979523433,2.889174154899444,0.31632848392036755,-0.11784932791497339,3.279091527730521,7.558010098691761,1.3581833419802851,0.2943551709929953,1.2539355147773086,1.0856221638404584,0.5045949989313956,0.1399801093983095,0.47659762910478265,0.13043478260869573,1.8390753828032975,0.3971799746514579,0.4020442930153323,0.4769353480746221,-0.08433464974932087,-0.4221815714159266,2.2882630750393567,0.26376614547926575,-0.45408330600196795,0.2937966163361834,0.30500881316098727,0.592589033196958,-0.03395320265817823,0.43117842234828224,0.33205521472392663,0.013220893346206044,0.09602327837051422,0.5279653284671532,2.6092424685580577,4.097396335583413,0.5479876160990711,1.0424396823018136,1.5064188251910517,0.9708780768041012,2.6145600529757473,0.12084318706023162,1.0694087403598966,3.178481012658228,1.734232390126429,3.6779942965779466,0.705745285079735,0.23394528964306593,0.520135363790186,3.050330664810303,0.30168430466537466,0.6479169053347078,1.1808654496281272,-0.0029645076872751746,0.95057429682554,0.08505756629942723,0.40301230463603,1.5153071301599843,2.2528129045106042,0.7970843541118471,3.0716240875912413,0.522483537158984,-0.05408489274303967,-0.5108912017289428,0.6530749562642987,1.6193936877076414,0.13767930904994388,-0.47039551457425616,0.3821858288770053,-0.5975817317920714,1.2442400594574508,0.9941266955670535,0.5411380768523625,2.2346988539380637,0.44507439570772744,0.33576871217584897,0.8128872366790587,0.6191202243252719,,0.04018073261255447,0.6359300476947534,1.4429842503579462,2.96433998581704,5.652774412406108,5.295008183306058,0.27225261064147216,0.4423488952877436,1.7644644002565752,0.3333630210188816,0.4460067491563554,1.5540630234836752,0.2435439480002345,1.0485726377346876,3.890246344882835,2.1314325452016685,2.0897529069767438,3.9094272933119796,-0.24274274274274263,3.3609536170503462,0.3548556755251678,0.9200115506786025,0.5529568460309005,-0.3458303635067711,0.4244248299811897,2.039814814814814,2.30518199748969,0.4291966326587502,0.8710197934595522,1.3058663345436117,1.0399914587273504,0.21007467180537165,1.2136931394481731,0.6448049706593029,0.28686713421077903,0.7699956468944023,0.5563379112210836,0.8240085485594467,0.9797471412465776
mixed forest,0.8265460030165916,-0.4990958408679929,1.8980891719745214,-0.4473751112241008,0.13557391447548992,0.13164000488460126,0.1838350548611389,0.2674715656655408,0.21938656052446717,-0.0565006075334142,0.18347054075867641,-0.20213299455049985,0.4999999999999971,-0.45224016374801,-0.10526315789473646,0.19848545237146262,0.3214059931723353,0.14027362792891954,-0.23608948619192008,-0.8648648648648661,1.2262068965517243,0.12463522545420319,-0.005008163085205135,-0.22727272727272793,-0.5417112299465241,0.095061477492125,0.08427750591485532,0.1403169847027282,0.3452657466867059,-0.2643944456820375,-0.15760520766480243,0.1333333333333338,-0.05788804071246798,-0.16887080366225846,-0.14634992196982838,0.21547785691211974,-0.2808441558441558,0.03172797094155492,0.04733727810650899,0.16603735075007675,-0.10469248995570203,0.01037570678223944,-0.6364456258603505,0.013024085637823257,0.17315521628498728,0.00893866228295486,-0.2446282112112789,-0.01794908985423157,-0.2841600940916008,-0.7045454545454548,-0.3380191693290736,0.33314756481705826,0.4716560035708972,0.8532608695652178,-0.023876581260645457,0.02304648862512359,0.14062278426105895,-0.11186440677966121,0.1617013499046973,-0.016503166114373684,0.054719089925394586,-0.15533660908768554,,0.5120016598040154,-0.5415488663451411,0.2507848106546521,-0.035582020187350426,-0.014564325094518408,-0.001723543605653166,0.05294596105942744,-0.08047674569244719,-0.05135004314245443,0.20574639717211976,-0.009362240103872987,0.11513792330118858,-0.019666406285898004,0.12677679600461028,-0.10469248995570203,0.04612929397394851,0.5925349922239501,-0.16619283463047527,0.9169497923744809,-0.21162439322339036,0.06638513154445158,0.09615970740627856,-0.06372549019607844,-0.23132866029274443,-0.17630506151015546,-0.8030050083472455,0.33773826332509727,0.9655172413793114,-0.3058954393770857,0.038841830654771356,0.016437689687927328,0.24515192135835584,-0.14622209898793856,0.10676090393378583,,0.03628981493138612,-0.5856527501656725,-0.313040647381639,-0.04593279219971609,0.38511166253101736,0.37382194771311444,0.1744442438009068,0.010389160642396483,0.278027160634127,0.3437655791281228,0.2940857689945447,-0.051782236374315886,0.1991605839416059,0.2250256147540984,0.4333333333333336,0.05225683407501573,0.1194459889804378,-0.14556158374697,-0.014394125234428621,-0.22544656558836176,-0.022494863788840826,-0.21196726477525565,,0.09445358050530707,0.16303671437461104,-0.03834885741417976,0.6128330614464387,-0.4048196668284005,0.11243566151958811,0.05286143437760338,-0.20171047426786515,-0.054691949876590075,-0.09527431053987535,0.1776098476747224,0.7486631016042784,0.013570252930704343,-0.02178399449667514,-0.12278636134272046,-0.358889127171349,0.09585652442795288,0.08572796934865903,-0.018837137450276185,0.36973047684865246,0.14400611029824512,0.48324482695477017,-0.049601169615789795,0.035727685438787495,-0.05594059405940587,0.05743387995170051,0.2429115973056236,0.7977528089887652,-0.08413681659035803,-0.24219709391880864,1.443037974683544,-0.18805261296461587,-0.0679902094098451,-0.025367494423373375,0.18171145730875377,0.05157728706624626,0.18442573063175735,-0.2597612994435983,-0.01982215635420518
pasture/hay,11.136748120300755,4.029905561385099,21.349723417332513,0.19000641642605107,-0.023151704009304483,0.18638641828664126,-0.1943523151010925,0.1334175922158643,0.959158057352515,1.304622298309437,-0.02770538337677007,1.8648666023786562,2.0579226686884,0.076061373454491,0.5929081913139088,10.447599729546994,1.9108223483604634,-0.018362710211534346,1.1141592920353982,0.03657097915847426,4.664408693197854,0.0013567272978130729,-0.06982201933486244,0.4952693677649154,-0.298731080874484,-0.2801527238017317,0.06002647734064716,-0.16098596890405775,-0.1428827822757547,-0.12124411596498177,-0.5386755144446678,0.4103522645578721,-0.7118279948581591,4.0191046800813925,0.6128587586596921,-0.1595873860834795,0.9955721599557216,0.008029386257837416,0.37427825438269297,6.358931552587646,0.06306479769973303,0.15088706559560144,0.6920385810037604,-0.5298951881848499,4.228388260042071,3.7200750469043147,0.4513914150600217,-0.12411206336567294,1.0886746569393777,1.301003886010363,2.7819801980198022,0.08259597331522375,3.7298662426339906,14.276729559748428,0.08405058215303543,-0.27370775391850916,0.0659266374924398,-0.46528334738588306,0.0597286217030076,-0.44354738896558277,0.14315260277459582,-0.08424037812288981,-0.0004369992716678603,0.20712214905855367,1.7034653163321336,0.0332204903091404,-0.6936596408055182,0.04739904722319916,-0.05787200030448941,-0.07173162625172316,0.016795853610875988,-0.11670923020795317,0.06570858188370453,0.06683545733486426,-0.3525668064987137,0.5981058721647967,2.443909153475567,0.06306479769973303,0.06744863905825356,13.906810035842293,1.7337144899053063,13.559862187769165,1.9068138749279064,0.010558882235528888,0.05231901365264821,0.022202681908111595,1.7850072458428508,0.9877888078713872,0.6377991209506756,-0.01888902248406868,3.471905365441488,2.5025133689839576,0.061067563760502284,2.4507186420437583,0.07703680134105295,0.8400874451209601,0.09114721234586587,0.10816411106506421,-0.024793837859254316,-0.15266349068860974,0.570973612374886,0.039443487032911444,3.5274652547981473,0.018099339039214575,0.21856229827073942,-0.18930701007165412,-0.07387414549861146,0.01656769435179905,0.04237880914822706,-0.17798434166376864,1.5042352174621274,0.1859355961705832,4.609185626196045,0.03580081489786435,0.11504648226787544,1.3822940980326772,-0.06519620066647042,-0.023409853915252795,-0.07970360981792475,0.5693891676760683,,0.292134507143888,-0.3068042069712378,0.30471856287425136,2.95186499184965,0.28771969229041516,-0.040760500810638936,0.1678315568757644,0.28062486303728523,0.5513459018046173,-0.1629422948714782,0.003399408414639563,4.000998668442078,0.6696799372883905,4.503340757238308,1.267925491196734,0.6469483208096916,1.5720640569395024,4.861016149946954,-0.04158971707172933,8.871295512277731,-0.024248201856503063,2.6623931623931627,0.2630970620648875,-0.0030195995409316627,-0.0541441617016537,0.05189970741618217,-0.02079338402422499,1.7067808152544026,-0.12157110964750974,0.43069791226626986,4.020307257637295,0.3571194494510897,3.0717673095162827,0.07684587293525828,0.0384890591819776,1.7629744958481615,-0.018666032061960363,-0.0375351403880193,1.38647532927069
shrub/shrub,0.573701669883989,0.0737120343125031,0.29464257757460044,0.6154426447747946,1.7795254833040424,6.436031331592687,1.408256880733945,0.8776039840078558,0.9302761977364691,0.21656195594580283,0.802185030218503,0.9368488539830101,0.6002929565388255,2.1781907625034163,0.07721068117962004,2.0617266591676033,1.4393684505660116,0.9670241286863268,2.560492402385074,0.8415784193512424,1.1657193054981396,2.614803786025737,7.957703927492448,0.9387809456168832,-0.4715270563792615,-0.07798758983973923,7.178165276724791,-0.09471351693573898,0.5377358490566037,0.5957478589922325,1.7256214149139577,0.37547475987895235,-0.9062500000000003,0.37160722184245437,1.1723380900109768,1.398538961038961,0.557658604977217,-0.2867094017094015,0.2522010238968309,1.5787728026533998,19.380952380952383,1.7436668097896093,1.5701987635445058,-0.5527426160337554,1.7694154107924165,3.589814513504718,0.8132983950212904,-0.29963390594198813,1.5180506269221667,4.640012984202555,0.9845259336737836,0.6138268156424582,0.8842190216041724,1.3288729874776388,5.078504672897197,0.7651309846431797,2.5779755070799846,0.14387211367673164,5.38957055214724,-0.277183293061788,2.1907246376811593,3.8843526608419374,-0.3939313210965181,1.8133802816901405,1.1860710146454532,1.578607794943821,-0.8313492063492064,0.7768395657418579,0.5289613848202398,1.0622423669230356,1.9474516001580402,2.2869380945939852,5.539445628997868,-0.09272207996848539,0.263643206624012,0.5194731356012506,0.6992677087734123,19.380952380952383,0.9101923828549091,0.8105431912485852,3.3591174766994896,2.1759502883054354,5.644079636744675,0.3466104671584125,2.404108153426955,0.32071635254555386,3.2883432680480653,1.5554699537750383,0.005472552485652631,0.8022077725691824,0.4432144967500494,1.1002104877825574,-0.42783769902413976,2.155642530984997,0.902344955260722,0.06675413698923596,3.638599810785241,0.7408435852372581,-0.06300192990101475,0.16390387444825902,0.5215227405093451,0.3788469874295624,1.759258218600731,0.26260988307587296,0.7679977502812146,0.44694899817850625,0.462088001298912,0.5817307692307692,0.7724579284190566,0.07782571182053503,1.5580580580580579,0.017953321364452657,0.23000190263923245,1.6084159276647536,2.5525027203482047,1.1799855142443267,0.317427071767437,0.592766931604805,1.8726591760299633,0.894243820375079,,0.21889709540392635,0.7252663622526634,1.1904014199890773,3.5862506653564266,0.4759275469665342,2.734183673469387,2.260851063829788,0.31558549513661727,1.4109453770594043,0.47820829609379106,0.381402705795248,0.5819941676490659,0.4153238115129412,1.2335170942070863,2.102045403461452,1.2271918472986083,1.0985451018428714,1.3260476814623259,-0.034591194968553576,3.4165183867141167,0.5639643463497451,2.527160765339786,1.1173157477640665,3.492027334851937,0.4383361064891851,12.432451751250891,0.8040647824706253,-0.25840693978611673,0.6987351330942042,3.2191772868464597,0.8957683741648105,0.2613267061747275,1.2461562527934211,0.39457831325301196,0.4405286343612333,1.0328847838203683,0.5683219104271732,1.805630148145913,0.8965225484389543
woody wetlands,-0.07244373995356311,-0.06429991073344762,-0.0859097038324697,-0.013298332106156047,-0.025434179426574874,-0.08269451052956214,-0.08174598049977386,-0.13462109955423476,0.017889378588039948,-0.0348657267446679,-0.017203681875849343,-0.06844159708729348,-0.024152905493235666,-0.05271103492133714,-0.02369286590027921,-0.034459232877345855,-0.053267422468118386,-0.09905700450259107,-0.029594982001594872,-0.023534748558298988,-0.03878826376556176,-0.050950284548480516,-0.11316501352569863,0.006636807569185293,-0.1641013245277299,0.030997792334696597,-0.05573999650532929,-0.13835115743874365,-0.06259108690649667,-0.04998201366961115,-0.04962232480067155,-0.026779266443026493,-0.055142722340174526,-0.05714109488858162,-0.03057516171817941,-0.039186730307745235,-0.03696940314587356,-0.05115606549475853,-0.019033197883922368,-0.009503998852347357,-0.06577480490523957,-0.07048748353096204,-0.03004131093362696,-0.09000000000000008,-0.04081174503308401,-0.06403703926402503,-0.007812781765066433,-0.05112668055292549,-0.030979437683592216,-0.019643214294729615,-0.0475534425145411,-0.11612315540171245,-0.021160746462762982,-0.03096075811256461,-0.07826086956521738,-0.037771090588357335,-0.008760951188986153,-0.10201104511826621,-0.12863362357669114,-0.0596740370111475,-0.1330221703617269,-0.0104382601676726,-0.05460217366617474,-0.015663481430400913,-0.05014164147664763,-0.06892876934225661,-0.07871860914359305,-0.0903614457831325,-0.07597173144876318,-0.04855654761904768,-0.027523394885652745,-0.0376391461506646,-0.13528441879637257,-0.024995749022275093,-0.13955753443717833,-0.05363741216172925,-0.024552718641532717,-0.06577480490523957,-0.036749756916821384,-0.06492863253635926,-0.052151333434542584,-0.03222866107977601,-0.04093672758763775,-0.04010346734065226,-0.013678363062836717,-0.028938938397114436,-0.03640454347713608,-0.03495212879882243,-0.02143263629497037,-0.026670010868656446,-0.02984625014670795,-0.0486123801089856,-0.012232415902140433,-0.027780863467101777,-0.15449046067938577,-0.011018852901868208,-0.0060330182515135715,-0.01720848095175625,-0.024285910060886023,-0.00816694339194226,-0.07017331772370952,-0.03244941560889792,-0.032028745484305385,-0.04632640071562506,-0.1250890585241731,-0.00534183027974335,-0.06183632260363475,-0.08825696183880949,-0.058972620907135086,-0.03964001456588486,-0.03112233318202469,-0.1574923547400613,-0.04761788575733279,0.01055061707085509,-0.0983358547655067,-0.044488141989235924,-0.03961857889880023,-0.026388888888889083,-0.10208562019758506,-0.03147820092502805,,-0.016376523876756897,-0.07825650043964312,-0.03245148297326997,-0.03927975368544623,0.01721720844650827,-0.02924553260059182,-0.09515516149461681,0.013458525961869,-0.043217319079388125,-0.019295744389977068,-0.06387275940419078,-0.03443501364723936,-0.02184060930047358,-0.036498299390269176,-0.030936736112668475,-0.03795226211763517,-0.022149408532101785,-0.057494515409607025,-0.130890052356021,-0.030289396634665275,-0.03249721092597265,0.030996979246181857,-0.044197220413570076,-0.08631578947368433,-0.022968868640850234,-0.09232060428031902,-0.07490154644126407,-0.004934129268399471,-0.0542521994134898,-0.06630159623092616,-0.03538267443592883,-0.04167290397614088,-0.035522614675074456,-0.09340659340659341,-0.04174147217235195,-0.014583653825022464,-0.06329132935822528,-0.028644589911436456,-0.01536108896042746
